"","metric","pval.linear","r2.linear","pval.quad","r2.quad","padj.linear","padj.quad"
"value","wood.density",0.530432217091648,0.0094379,0.0223732896308144,0.1692,0.673926631579428,0.0223732896308144
"value2","FEve",0,1,0,1,0,0
"value1","site",0.673926631579428,0.0042567,0.00283932926995541,0.24878,0.673926631579428,0.00425899390493312
