"","metric","pval.linear","r2.linear","pval.quad","r2.quad","padj.linear","padj.quad"
"value","leaf.area",0.0193703692971154,0.12342,0.0670381315595182,0.12351,0.10008024136843,0.346363679724178
"value5","seed.mass",0.0084850796782064,0.15372,0.00240613412200031,0.25482,0.0657593675060996,0.0248633859273365
"value4","RaoQ",2.00865882571385e-18,0.84186,8.70972769366745e-23,0.91607,3.11342117985646e-17,1.35000779251845e-21
"value3","FEve",0.0190503389872408,0.12403,0.0121814982862571,0.19347,0.10008024136843,0.0755252893747938
"value2","FDiv",0.00638550967952903,0.16405,0.00425368853642811,0.23382,0.0657593675060996,0.0329660861573178
"value1","FDis",0,1,0,1,0,0
