"","metric","pval.linear","r2.linear","pval.quad","r2.quad","padj.linear","padj.quad"
"value","maximum.height",0,1,0,1,0,0
"value7","seed.mass",1.96151623932353e-05,0.3553,5.48982927243494e-05,0.38031,7.84606495729411e-05,0.000146395447264932
"value6","SLA",0.00307213923299971,0.19033,0.00786871517967391,0.21048,0.00819237128799923,0.0104916202395652
"value5","redun",0.0158495070844467,0.13081,0.0482056628705963,0.1375,0.0316990141688934,0.0482056628705963
"value4","FunRao",0.836952608791471,0.0010199,0.00391129185407725,0.23695,0.836952608791471,0.0062580669665236
"value3","RaoQ",0.0606648428841743,0.08129,0.0248681445004731,0.1649,0.0970637486146788,0.0284207365719692
"value2","FDiv",0.613607347678948,0.0061242,6.96332435634889e-07,0.49922,0.701265540204512,2.78532974253956e-06
"value1","FDis",0.139208563462641,0.051321,0.00228480644007004,0.2567,0.185611417950188,0.00456961288014007
