"","metric","pval.linear","r2.linear","pval.quad","r2.quad","padj.linear","padj.quad"
"value","wood.density",0.0959389648863328,0.0646,0.0430507096913964,0.14224,0.594821582295264,0.148285777825921
"value8","FunRao",0.0388059075392398,0.097745,0.0320269744067909,0.15453,0.300745783429109,0.124104525826315
"value7","FEve",0,1,0,1,0,0
"value6","PS10YrARI",0.973336677791333,0.000026917,0.0264850365233339,0.16233,1,0.117290876031907
"value5","CVAnnHSMeanDur",0.00411558574377495,0.17988,0.0138148893452583,0.18851,0.0425277193523412,0.101869805515415
"value4","MDFAnnHSNum",0.000889968919942518,0.23358,0.00413500736045473,0.23488,0.013794518259109,0.0640926140870484
"value3","HSPeak",0.871596044486981,0.00062927,0.0071519145218669,0.21415,1,0.073903116725958
"value2","MDFMDFDry",0.532357847487903,0.0093502,0.0199914657923996,0.17374,1,0.103289239927398
"value1","CV",0.895485392001636,0.00041572,0.0164306137928089,0.18161,1,0.101869805515415
