"","metric","pval.linear","r2.linear","pval.quad","r2.quad","padj.linear","padj.quad"
"value","leaf.area",0.0000000000000596665199314447,0.74249,0.00000000000000861421915235412,0.79398,0.000000000000924831058937392,0.000000000000133520396861489
"value7","wood.density",0.0000506534563591087,0.3267,0.000198400878724749,0.34023,0.000523419049044124,0.00205014241348907
"value6","SLA",0,1,0,1,0,0
"value5","RaoQ",0.0282886955600742,0.10943,0.082410726634967,0.11464,0.134327432680748,0.319341565710497
"value4","FEve",0.00260203680502153,0.2199,0.00233133008087394,0.28591,0.0201657852389169,0.0180678081267731
"value3","PS2YrARI",0.0376876211382209,0.098825,0.0683486217067682,0.12268,0.146039531910606,0.30268675327283
"value2","PS1YrARI",0.0109790344919022,0.1443,0.0394017864816755,0.14594,0.0680700138497935,0.244291076186388
"value1","MDFAnnZer",0.0303320009279109,0.10685,0.0661351774672923,0.12409,0.134327432680748,0.30268675327283
