"","metric","pval.linear","r2.linear","pval.quad","r2.quad","padj.linear","padj.quad"
"value","redun",8.66756577500348e-10,0.59555,7.46790558842018e-16,0.81714,8.95648463417026e-09,7.71683577470085e-15
"value5","FunRao",0,1,0,1,0,0
"value4","simpson",3.65024531536081e-19,0.85415,3.01920633791262e-20,0.88837,5.65788023880926e-18,4.67976982376456e-19
"value3","wood.density",0.0243525156591057,0.11497,0.00582002514809417,0.22201,0.159571926715293,0.0451051948977298
"value2","seed.mass",0.0371573913062443,0.099348,0.0202556767625167,0.17322,0.191979855082262,0.125585195927604
"value1","MDFMDFDry",0.0257374075347247,0.11829,0.0691479571984137,0.12803,0.159571926715293,0.357264445525137
