"","metric","pval.linear","r2.linear","pval.quad","r2.quad","padj.linear","padj.quad"
"value","leaf.area",0,1,0,1,0,0
"value3","maximum.height",0.017477543058442,0.12721,0.0148326746650742,0.18569,0.135450958702925,0.114953228654325
"value2","SLA",0.0000000845395713125442,0.49893,0.000000324481187922955,0.51753,0.00000131036335534444,0.00000502945841280581
"value1","FGR",0.00509448609553807,0.17221,0.00779331066452896,0.21085,0.0526430229872268,0.0805308768667992
