"","metric","pval.linear","r2.linear","pval.quad","r2.quad","padj.linear","padj.quad"
"value","flowering.duration",0.00424532068278457,0.17877,0.0160937162583973,0.18244,0.0199935686800466,0.082484870820669
"value6","maximum.height",0.000021842052587239,0.35211,0.0000527798653852835,0.3815,0.000225701210068136,0.000545391942314596
"value5","seed.mass",0,1,0,1,0,0
"value4","RaoQ",0.00000484954430867733,0.39542,0.0000308949242665721,0.39745,0.0000751679367844986,0.000478871326131867
"value3","FRic",0.00451467679872019,0.19817,0.018625615991764,0.19852,0.0199935686800466,0.082484870820669
"value2","FDiv",0.00123235618758139,0.24869,0.0000904959764482382,0.40383,0.00764060836300463,0.000701343817473846
"value1","FDis",0.000651289694451832,0.2442,0.00224637305341624,0.25732,0.0050474951320017,0.0139275129311807
