"","metric","pval.linear","r2.linear","pval.quad","r2.quad","padj.linear","padj.quad"
"value","wood.density",0.567060628038331,0.0078629,0.0253248943825244,0.16416,0.732988498067921,0.0337665258433658
"value3","FEve",0,1,0,1,0,0
"value2","site",0.732988498067921,0.0028003,0.00216725695426332,0.25861,0.732988498067921,0.00433451390852663
"value1","PS1YrARI",0.0145872683481694,0.13387,0.0469258319011191,0.13863,0.0291745366963387,0.0469258319011191
