"","metric","pval.linear","r2.linear","pval.quad","r2.quad","padj.linear","padj.quad"
"value","leaf.area",0.0195345340030699,0.12311,0.0662494247426628,0.12401,0.121114110819033,0.342288694503758
"value5","wood.density",0.0422858104322967,0.094574,0.00552404385138845,0.22399,0.218476687233533,0.0342490718786084
"value4","flowering.duration",0.00000233330251341847,0.4155,0.0000156328924554131,0.41714,0.0000361661889579863,0.000242309833058903
"value3","maximum.height",0.00341734951639787,0.18653,0.000182493817856749,0.34291,0.0264844587520835,0.00188576945118641
"value2","seed.mass",0,1,0,1,0,0
"value1","FEve",0.000226282243420425,0.31091,0.00120061105769519,0.31175,0.00233824984867773,0.00930473569713776
