"","metric","pval.linear","r2.linear","pval.quad","r2.quad","padj.linear","padj.quad"
"value","wood.density",0.000955406313316269,0.23114,0.00303611131901755,0.24632,0.011200545816079,0.025615471952468
"value6","SLA",0.139967733220364,0.051129,0.00245940579006159,0.25403,0.723166621638548,0.025615471952468
"value5","redun",0.331335806581632,0.02248,0.00463430881521115,0.23061,1,0.025615471952468
"value4","FunRao",0.0364525886858757,0.10006,0.0310214416746846,0.15584,0.226006049852429,0.137380670273603
"value3","RaoQ",0.00182624920831363,0.20869,0.00495783328112283,0.22807,0.0141534313644306,0.025615471952468
"value2","FDiv",0,1,0,1,0,0
"value1","FDis",0.00108392378865281,0.22681,0.00458231762982506,0.23103,0.011200545816079,0.025615471952468
