"","metric","pval.linear","r2.linear","pval.quad","r2.quad","padj.linear","padj.quad"
"value","seed.mass",0.0352113036034836,0.10134,0.100353971946457,0.10609,0.181925068617998,0.51849552172336
"value5","redun",5.16302572345924e-06,0.39367,3.43831563497916e-12,0.72407,4.00134493568091e-05,3.55292615614513e-11
"value4","FunRao",0,1,0,1,0,0
"value3","simpson",6.61664431788669e-14,0.74123,1.18829738209059e-14,0.79072,1.02557986927244e-12,1.84186094224041e-13
"value2","RaoQ",1.19081680563837e-05,0.3699,3.85420420349767e-06,0.45562,7.38306419495788e-05,2.38960660616856e-05
"value1","FDis",1.21712429617629e-10,0.63117,1.42673379410059e-11,0.70424,1.25769510604884e-09,1.10571869042796e-10
