"","metric","pval.linear","r2.linear","pval.quad","r2.quad","padj.linear","padj.quad"
"value","leaf.area",0.0808380618682022,0.070803,0.018125892120448,0.17768,0.0943110721795692,0.018125892120448
"value6","flowering.duration",0.0397937815305957,0.096816,0.0101416934441217,0.20065,0.055711294142834,0.0164181653960594
"value5","maximum.height",1.96151623932351e-05,0.3553,1.59133474399677e-07,0.53401,6.86530683763229e-05,5.56967160398871e-07
"value4","seed.mass",0,1,0,1,0,0
"value3","RaoQ",0.00795818872322995,0.15605,0.0142534714918538,0.18727,0.0185691070208699,0.0166290500738295
"value2","FDiv",0.125247090862975,0.055056,0.0089633039352214,0.20545,0.125247090862975,0.0164181653960594
"value1","FDis",0.0113064909227173,0.14322,0.0117272609971853,0.19497,0.0197863591147552,0.0164181653960594
