"","metric","pval.linear","r2.linear","pval.quad","r2.quad","padj.linear","padj.quad"
"value","seed.mass",0.00123235618758139,0.24869,0.00511093733404495,0.25408,0.0191015209075116,0.0792195286776967
"value2","FDiv",0,1,0,1,0,0
"value1","CVAnnMRateFall",0.0173464023377826,0.14363,0.0612871314477228,0.14369,0.17924615749042,0.633300358293136
