"","metric","pval.linear","r2.linear","pval.quad","r2.quad","padj.linear","padj.quad"
"value","redun",1.06966001164884e-20,0.87664,2.28865287510449e-26,0.94386,1.65797301805569e-19,3.54741195641196e-25
"value6","FunRao",6.61664431788678e-14,0.74123,6.88718875028381e-14,0.77199,6.83719912848301e-13,7.11676170862661e-13
"value5","simpson",0,1,0,1,0,0
"value4","nbsp",0.000144824004177059,0.29374,0.000474351649418495,0.31157,0.00112238603237221,0.00294098022639467
"value3","FRic",0.0145496443056174,0.13396,0.0362326922644278,0.14943,0.0644341390677341,0.160459065742466
"value2","FDis",0.00898590513092672,0.15163,5.04742020184859e-05,0.38285,0.0464271765097881,0.000391175065643266
"value1","MDFMDFDry",0.0035572716149024,0.1935,0.00835705317534935,0.21758,0.0220550840123949,0.0431781080726383
