"","metric","pval.linear","r2.linear","pval.quad","r2.quad","padj.linear","padj.quad"
"value","leaf.area",5.02283303514863e-06,0.39444,1.90126553149463e-05,0.41155,7.78539120448038e-05,0.000196464104921112
"value6","flowering.duration",0.00479690566033507,0.17438,0.00072432066718312,0.29721,0.0297408150940775,0.00449078813653535
"value5","maximum.height",3.3916018601264e-05,0.33892,2.1086745045276e-08,0.57776,0.000350465525546394,3.26844548201778e-07
"value4","seed.mass",0,1,0,1,0,0
"value3","RaoQ",0.00252290051613795,0.19731,0.00188220782339981,0.2637,0.0195524790000691,0.00972474042089904
"value2","FEve",0.0121323809603066,0.14064,0.0378947089434945,0.14756,0.053729115681358,0.16781942532119
"value1","FDis",0.00848507967820637,0.15372,0.000355926954858859,0.32115,0.0438395783373996,0.00275843390015616
