"","metric","pval.linear","r2.linear","pval.quad","r2.quad","padj.linear","padj.quad"
"value","wood.density",0,1,0,1,0,0
"value2","flowering.duration",0.0180010699991293,0.12612,0.0470457455614876,0.13852,0.186011056657669,0.486139370802039
"value1","SLA",0.00000416086773331503,0.39968,0.0000216952157685405,0.40775,0.000064493449866383,0.000336275844412377
