"","metric","pval.linear","r2.linear","pval.quad","r2.quad","padj.linear","padj.quad"
"value","wood.density",0.0305583609732922,0.10657,0.0436655300080882,0.14165,0.189461838034412,0.214184334952519
"value6","flowering.duration",0.851360445296083,0.00084566,0.0407469482342475,0.14454,1,0.214184334952519
"value5","SLA",0.864072629424795,0.00070589,0.0483642046666979,0.13736,1,0.214184334952519
"value4","FunRao",1.0351830771325e-06,0.43707,2.5473121351728e-07,0.52319,1.06968917970358e-05,2.63222253967856e-06
"value3","RaoQ",0,1,0,1,0,0
"value2","FDiv",7.95852877114218e-06,0.38147,4.86579053710344e-05,0.38395,6.16785979763519e-05,0.000377098766625517
"value1","FDis",3.91784287494985e-22,0.89457,3.01336434546154e-21,0.90024,6.07265645617226e-21,4.67071473546539e-20
