"","metric","pval.linear","r2.linear","pval.quad","r2.quad","padj.linear","padj.quad"
"value","maximum.height",0.101811880605171,0.06246,0.00601696837634175,0.22075,0.789042074690075,0.0466315049166486
"value3","RaoQ",7.95852877114218e-06,0.38147,8.5668938885675e-06,0.43399,0.000123357195952704,0.000132786855272796
"value2","FDiv",0,1,0,1,0,0
"value1","FDis",1.90780143864257e-05,0.35612,7.52616497005539e-05,0.3707,0.000197139481993066,0.00077770371357239
