"","metric","pval.linear","r2.linear","pval.quad","r2.quad","padj.linear","padj.quad"
"value","leaf.area",1.13116730875106e-05,0.37138,1.6775875626859e-05,0.41513,0.000175330932856415,0.000260026072216314
"value2","wood.density",0,1,0,1,0,0
"value1","SLA",0.0341220483247,0.1025,0.108490406769055,0.10268,0.352594499355233,1
