"","metric","pval.linear","r2.linear","pval.quad","r2.quad","padj.linear","padj.quad"
"value","wood.density",0.677212321997914,0.0041664,0.036331716365174,0.14931,0.677212321997914,0.0432938837635178
"value3","FEve",0,1,0,1,0,0
"value2","site",0.658920454782592,0.0046835,0.00199435475266139,0.26161,0.677212321997914,0.00398870950532278
"value1","PS1YrARI",0.0129569459758771,0.13823,0.0432938837635178,0.14201,0.0259138919517542,0.0432938837635178
