"","metric","pval.linear","r2.linear","pval.quad","r2.quad","padj.linear","padj.quad"
"value","leaf.area",0.0174775430584419,0.12721,0.0560073086354523,0.13116,0.10836076696234,0.289371094616504
"value7","flowering.duration",0.0082493244820043,0.15474,0.0297615256479864,0.15755,0.0852430196473777,0.230651823771895
"value6","maximum.height",0,1,0,1,0,0
"value5","seed.mass",0.0000218420525872392,0.35211,0.000109543136506466,0.35907,0.000338551815102207,0.00169791861585022
"value4","RaoQ",0.0398844067828979,0.096732,0.124224925057477,0.096735,0.154552076283729,0.481371584597724
"value3","FRic",0.0139624978495285,0.15254,0.0475140188041844,0.15571,0.108209358333846,0.289371094616504
"value2","M_MinM",0.0258010236468724,0.11283,0.0192381523812393,0.17529,0.133305288842174,0.198794241272806
"value1","M_MDFM",0.0317111859337005,0.10521,0.0926486119469975,0.10957,0.140435251992102,0.410300995765275
