"","metric","pval.linear","r2.linear","pval.quad","r2.quad","padj.linear","padj.quad"
"value","flowering.duration",0.00192835712467078,0.20678,0.00217629123819687,0.25846,0.0199263569549314,0.022488342794701
"value2","maximum.height",0.000112834041157574,0.30169,0.00011672973415876,0.35708,0.00174892763794239,0.00180931087946078
"value1","FDiv",0,1,0,1,0,0
