"","metric","pval.linear","r2.linear","pval.quad","r2.quad","padj.linear","padj.quad"
"value","leaf.area",0.00337245348647221,0.187,0.00883913775932319,0.20599,0.0209092116161277,0.0548026541078038
"value7","seed.mass",0.00252290051613797,0.19731,6.06066517485852e-06,0.44347,0.0198935195912956,6.2626873473538e-05
"value6","RaoQ",0,1,0,1,0,0
"value5","FEve",0.00256690575371556,0.1967,0.000944633582314504,0.28805,0.0198935195912956,0.00732091026293741
"value4","FDiv",0.0056374729704916,0.16856,0.0226951315594079,0.16862,0.0291269436808732,0.117258179723607
"value3","FDis",2.00865882571382e-18,0.84186,3.78417853617725e-25,0.93563,3.11342117985642e-17,5.86547673107474e-24
"value2","CVAnnMRateFall",0.0420048418322596,0.09482,0.12523420762658,0.096379,0.177171404753487,0.49564590459315
"value1","CVAnnMRateRise",0.0457216528396094,0.091692,0.127908620540168,0.095447,0.177171404753487,0.49564590459315
