"","metric","pval.linear","r2.linear","pval.quad","r2.quad","padj.linear","padj.quad"
"value","FRic",0,1,0,1,0,0
"value4","M_MaxM",0.0232141854204103,0.11673,0.0780824557055803,0.11696,0.17990993700818,0.484111225374598
"value3","LSPeak",0.0120171904888283,0.14099,0.0179175457162613,0.17815,0.148517852934022,0.27772195860205
"value2","MDFAnnHSNum",0.0418413880955709,0.094964,0.0470123103853395,0.13855,0.259416606192539,0.364345405486381
"value1","MDFMDFDry",0.014372695445228,0.13441,0.0435976967303207,0.14171,0.148517852934022,0.364345405486381
