"","metric","pval.linear","r2.linear","pval.quad","r2.quad","padj.linear","padj.quad"
"value","leaf.area",0.0478591992889237,0.090008,0.134046224043302,0.093376,0.370908794489159,1
"value3","maximum.height",0,1,0,1,0,0
"value2","seed.mass",3.39160186012641e-05,0.33892,5.04206244318273e-05,0.38288,0.000525698288319594,0.000781519678693323
"value1","SLA",0.00392601980989681,0.18157,0.000910272087534519,0.28933,0.0405688713689337,0.00940614490452337
