"","metric","pval.linear","r2.linear","pval.quad","r2.quad","padj.linear","padj.quad"
"value","leaf.area",0.000557328379813351,0.27837,0.00234659966609192,0.28565,0.00575905992473796,0.0242481965496165
"value5","seed.mass",0.000226282243420425,0.31091,0.001124360395594,0.31426,0.00350737477301659,0.017427586131707
"value4","SLA",0.00260203680502153,0.2199,0.011048290749321,0.22144,0.0201657852389169,0.0856242533072381
"value3","FEve",0,1,0,1,0,0
"value2","FDiv",0.0193947074434743,0.13904,0.0296300608836512,0.17758,0.12024718614954,0.183706377478638
"value1","FDis",0.0357627237010397,0.11374,0.113612392321374,0.11382,0.184774072455372,0.5869973603271
