"","metric","pval.linear","r2.linear","pval.quad","r2.quad","padj.linear","padj.quad"
"value","maximum.height",0.00540392563897935,0.17009,0.00790204090351023,0.21032,0.0395596116415416,0.0489926536017634
"value6","seed.mass",0.00638058252282929,0.16408,0.00150404549972266,0.27171,0.0395596116415416,0.0116563526228506
"value5","SLA",0.0345691747391368,0.10202,0.0357569201335221,0.14997,0.153092059559034,0.158352074877026
"value4","FunRao",1.19081680563838e-05,0.3699,7.08608773046411e-06,0.43921,0.000123051069915966,7.32229065481291e-05
"value3","nbsp",0.00806689743479027,0.15556,0.0308332752468914,0.15609,0.0416789700797497,0.158352074877026
"value2","RaoQ",0,1,0,1,0,0
"value1","FDis",2.50574256312042e-20,0.87156,1.89993636595447e-24,0.93036,3.88390097283665e-19,2.94490136722943e-23
