"","metric","pval.linear","r2.linear","pval.quad","r2.quad","padj.linear","padj.quad"
"value","FEve",0,1,0,1,0,0
"value2","CVAnnHSMeanDur",0.0305717961348121,0.11164,0.0563040394732245,0.13717,0.315908560059726,0.581808407889986
"value1","MDFAnnHSNum",0.00476890218484406,0.18257,0.0147795804428759,0.19437,0.0739179838650829,0.229083496864577
