"","metric","pval.linear","r2.linear","pval.quad","r2.quad","padj.linear","padj.quad"
"value","flowering.duration",0,1,0,1,0,0
"value6","seed.mass",0.0282008004789331,0.10954,0.082951899454565,0.11435,0.164984727248858,0.428584813848586
"value5","SLA",0.00373643310419445,0.18334,0.000203036019694898,0.33949,0.057914713115014,0.00314705830527092
"value4","FEve",0.0258490821703157,0.11276,0.0778794618919618,0.11708,0.164984727248858,0.428584813848586
"value3","C_MaxM",0.0207669159858018,0.12656,0.06008355331056,0.13429,0.164984727248858,0.428584813848586
"value2","CVAnnBFI",0.0372546158303873,0.104,0.111066351825076,0.10658,0.164984727248858,0.491865272368195
"value1","CVMDFDry",0.0365932778166839,0.1047,0.0400452554090678,0.15212,0.164984727248858,0.413800972560367
