"","metric","pval.linear","r2.linear","pval.quad","r2.quad","padj.linear","padj.quad"
"value","redun",0.0953319300349915,0.064829,0.035966187804677,0.14973,0.738822457771184,0.278737955486247
"value3","FEve",0,1,0,1,0,0
"value2","CVAnnHSMeanDur",0.0340751329611496,0.10255,0.0148794281411911,0.18556,0.352109707265212,0.157629113851182
"value1","MDFAnnHSNum",0.0109663200212227,0.14434,0.0152544303726951,0.18457,0.169977960328952,0.157629113851182
