"","metric","pval.linear","r2.linear","pval.quad","r2.quad","padj.linear","padj.quad"
"value","maximum.height",0,1,0,1,0,0
"value7","seed.mass",1.72820592667774e-05,0.35903,5.05591186156671e-05,0.3828,6.91282370671095e-05,0.000134824316308446
"value6","SLA",0.00333119919055062,0.18744,0.00832723204145783,0.2083,0.00888319784146832,0.0111029760552771
"value5","redun",0.0162215518522154,0.12996,0.0487474254559157,0.13703,0.0324431037044309,0.0487474254559157
"value4","FunRao",0.827007355469792,0.0011501,0.00363170349859687,0.23971,0.827007355469792,0.00581072559775499
"value3","RaoQ",0.0649548396515457,0.078786,0.023051206702986,0.16798,0.103927743442473,0.026344236231984
"value2","FDiv",0.62317434532577,0.0058003,9.64474824194876e-07,0.4912,0.712199251800879,3.85789929677951e-06
"value1","FDis",0.149802048141179,0.048748,0.00180182231554793,0.26526,0.199736064188238,0.00360364463109587
