"","metric","pval.linear","r2.linear","pval.quad","r2.quad","padj.linear","padj.quad"
"value","leaf.area",0,1,0,1,0,0
"value4","seed.mass",0.0195345340030699,0.12311,0.0643042272714231,0.12529,0.121114110819033,0.398686209082823
"value3","SLA",0.0000000000000596665199314447,0.74249,0.000000000000586067305853694,0.74689,0.000000000000924831058937392,0.00000000000908404324073226
"value2","FEve",0.000557328379813351,0.27837,0.000855213225642872,0.3246,0.00575905992473796,0.00883720333164301
"value1","PS1YrARI",0.018119621392285,0.12588,0.0617523814162289,0.12701,0.121114110819033,0.398686209082823
