"","metric","pval.linear","r2.linear","pval.quad","r2.quad","padj.linear","padj.quad"
"value","leaf.area",0,1,0,1,0,0
"value3","wood.density",5.89020557956434e-05,0.32205,1.42508783939918e-06,0.48141,0.000912981864832473,2.20888615106873e-05
"value2","seed.mass",0.000242484967911989,0.27706,0.000286463894465123,0.3283,0.00250567800175722,0.00296012690947293
"value1","PS1YrARI",0.038999878414896,0.10224,0.114049846076753,0.10537,0.302249057715444,0.883886307094833
