"","metric","pval.linear","r2.linear","pval.quad","r2.quad","padj.linear","padj.quad"
"value","redun",0.735726841633758,0.002741,0.014659364403413,0.18615,1,0.0908880593011609
"value5","FunRao",0.0114112700422526,0.14289,0.0110642461784739,0.19725,0.0884373428274579,0.0857479078831724
"value4","nbsp",0.652294694989789,0.0048797,0.0286701906191653,0.15908,1,0.148129318199021
"value3","RaoQ",4.86307918864302e-05,0.32795,0.000158594094536268,0.3474,0.000502518182826445,0.00163880564354144
"value2","FDiv",0,1,0,1,0,0
"value1","FDis",1.37861465417278e-05,0.36564,8.42994060015035e-05,0.36721,0.000213685271396782,0.0013066407930233
