"","metric","pval.linear","r2.linear","pval.quad","r2.quad","padj.linear","padj.quad"
"value","flowering.duration",0.00633385833673326,0.16435,0.0222320899219817,0.16945,0.065449869479577,0.172298696895358
"value4","maximum.height",0,1,0,1,0,0
"value3","seed.mass",0.00341734951639787,0.18653,0.000934748430436483,0.28841,0.0529689175041671,0.0144886006717655
"value2","M_MinM",0.0258010236468724,0.11283,0.0192381523812393,0.17529,0.196609352788943,0.172298696895358
"value1","M_MDFM",0.0317111859337005,0.10521,0.0926486119469975,0.10957,0.196609352788943,0.574421394071385
