"","metric","pval.linear","r2.linear","pval.quad","r2.quad","padj.linear","padj.quad"
"value","maximum.height",0.0139624978495285,0.15254,0.0508271037127322,0.15255,0.0721395722225638,0.262606702515783
"value6","seed.mass",0.00451467679872019,0.19817,0.000306844838242523,0.36199,0.0279909961520652,0.00317072999517274
"value5","FGR",0.00193489324563278,0.23141,0.00850590626699398,0.23267,0.0149954226536541,0.0527366188553627
"value4","RaoQ",0.00000493049463196034,0.43515,0.00000511154676582434,0.4918,0.0000764226667953854,0.0000792289748702772
"value3","FRic",0,1,0,1,0,0
"value2","FDis",0.00023404568907045,0.30972,0.00104720500286883,0.31696,0.00241847212039465,0.00811583877223345
"value1","CVAnnHSMeanDur",0.0383607474223648,0.11084,0.120666411071336,0.11085,0.16988331001333,0.534379820458774
