"","metric","pval.linear","r2.linear","pval.quad","r2.quad","padj.linear","padj.quad"
"value","flowering.duration",0.00373643310419445,0.18334,0.00286737728666441,0.24842,0.0442847088232359,0.0296295652955322
"value8","maximum.height",0.00698100831003562,0.16082,0.00663686829070003,0.21701,0.054102814402776,0.0514357292529252
"value7","SLA",0,1,0,1,0,0
"value6","C_MaxM",0.0346724827291803,0.10678,0.00242964392877113,0.26561,0.134355870575573,0.0296295652955322
"value5","CVAnnBFI",0.0427972961236092,0.098652,0.0179103784945958,0.18639,0.14741290887021,0.0925369555554117
"value4","MRateRise",0.0340772418835978,0.10745,0.101161299616588,0.11085,0.134355870575573,0.348444476457136
"value3","CVAnnHSNum",0.026278148746717,0.11748,0.0575801777649502,0.13618,0.134355870575573,0.230653528493194
"value2","HSPeak",0.0257551261310655,0.11826,0.0595234912240502,0.13471,0.134355870575573,0.230653528493194
"value1","MDFMDFWet",0.00428561698289379,0.18656,0.0161182651073767,0.19078,0.0442847088232359,0.0925369555554117
