"","metric","pval.linear","r2.linear","pval.quad","r2.quad","padj.linear","padj.quad"
"value","flowering.duration",0,1,0,1,0,0
"value7","SLA",0.00789925283937194,0.15632,0.000174953296858934,0.34427,0.0315970113574878,0.000466542124957156
"value6","FunRao",0.216396130445969,0.036148,0.000135844852610644,0.35231,0.314035689922171,0.000466542124957156
"value5","simpson",0.0498799798176431,0.088485,0.0154215196189055,0.18414,0.133013279513715,0.0246744313902488
"value4","nbsp",0.235526767441628,0.033336,0.0358019970743657,0.14992,0.314035689922171,0.0385852459980706
"value3","RaoQ",0.841712759370533,0.00096046,0.027823254542436,0.16031,0.841712759370533,0.037097672723248
"value2","FDis",0.722154497153599,0.0030418,0.000389948387033469,0.31812,0.825319425318399,0.000779896774066938
"value1","C_MaxM",0.105360430896273,0.061229,0.0385852459980706,0.14681,0.210720861792546,0.0385852459980706
