"","metric","pval.linear","r2.linear","pval.quad","r2.quad","padj.linear","padj.quad"
"value","flowering.duration",0.0281758794433016,0.10958,0.0704348534673076,0.12139,0.145575377123725,0.363913409581089
"value6","RaoQ",0.00063973348311072,0.24481,0.00129979991576113,0.27687,0.00991586898821617,0.0201468986942975
"value5","FEve",0,1,0,1,0,0
"value4","FDis",0.00167807235358731,0.21165,0.00539738965579622,0.22487,0.0173400809870689,0.0418297698324207
"value3","MDFAnnLSNum",0.00616087521496975,0.17295,0.00423436897253117,0.24439,0.0477467829160155,0.0418297698324207
"value2","LSPeak",0.0168797575929745,0.13454,0.0366228901971311,0.15599,0.104654497076442,0.227061919222213
"value1","CVAnnHSNum",0.0459518309264189,0.095909,0.133134442178952,0.098238,0.203500965531284,0.589595386792503
