"","metric","pval.linear","r2.linear","pval.quad","r2.quad","padj.linear","padj.quad"
"value","leaf.area",5.89020557956432e-05,0.32205,1.08168462224682e-05,0.42752,0.00091298186483247,0.000167661116448258
"value3","wood.density",0,1,0,1,0,0
"value2","seed.mass",0.020233804261678,0.12181,0.00471595821297625,0.22996,0.156811983028004,0.0487315682007546
"value1","FDiv",0.00346755374471325,0.18601,0.00776551885454403,0.21099,0.0358313886953703,0.0601827711227162
