"","metric","pval.linear","r2.linear","pval.quad","r2.quad","padj.linear","padj.quad"
"value","leaf.area",0,1,0,1,0,0
"value6","wood.density",1.13116730875107e-05,0.37138,6.57667866292668e-05,0.37483,0.000116887288570944,0.000679590128502423
"value5","maximum.height",0.0478591992889238,0.090008,0.130848172403628,0.094444,0.211947882565234,0.579470477787495
"value4","seed.mass",5.02283303514859e-06,0.39444,4.29783173558118e-07,0.51087,7.78539120448032e-05,6.66163919015083e-06
"value3","RaoQ",0.00337245348647221,0.187,0.00369043777341744,0.23911,0.0261365145201596,0.0286008927439852
"value2","FEve",0.0335182537624948,0.10316,0.0627618575096744,0.12632,0.173177644439557,0.324269597133318
"value1","FDis",0.0193703692971153,0.12342,0.00669079327575121,0.2167,0.120096289642115,0.0414829183096575
