"","metric","pval.linear","r2.linear","pval.quad","r2.quad","padj.linear","padj.quad"
"value","leaf.area",0.0000000845395713125432,0.49893,0.0000000315145161705263,0.5694,0.00000131036335534442,0.000000488475000643158
"value4","wood.density",0.00000416086773331503,0.39968,0.0000246721598164455,0.40402,0.0000429956332442553,0.000254945651436603
"value3","SLA",0,1,0,1,0,0
"value2","FGR",0.00935923334514373,0.15014,0.0177570927412538,0.17851,0.0725340584248639,0.137617468744717
"value1","MDFAnnZer",0.0272887345776257,0.11076,0.0694268056790758,0.12201,0.169190154381279,0.43044619521027
