"","metric","pval.linear","r2.linear","pval.quad","r2.quad","padj.linear","padj.quad"
"value","FEve",0,1,0,1,0,0
"value4","PS1YrARI",0.00698785106420149,0.16078,0.0118494271168729,0.19456,0.0161334455359459,0.0296235677921822
"value3","CVAnnMRateRise",0.0181929581939886,0.12573,0.0478691814723057,0.13779,0.0227411977424857,0.0480468181247806
"value2","LSPeak",0.00968006732156756,0.14891,0.020800883219578,0.17214,0.0161334455359459,0.0346681386992966
"value1","MDFMDFDry",0.0324845277754697,0.10431,0.0480468181247806,0.13764,0.0324845277754697,0.0480468181247806
