"","metric","pval.linear","r2.linear","pval.quad","r2.quad","padj.linear","padj.quad"
"value","flowering.duration",0.0972779333149618,0.0641,0.00154201982442088,0.27082,0.430802276109117,0.00796710242617453
"value8","maximum.height",0.01262118246716,0.13919,0.0365639969972944,0.14905,0.0652094427469932,0.125942656324014
"value7","SLA",0.306574773866325,0.024873,0.00606150942306618,0.22047,1,0.0234883490143814
"value6","redun",0.189635199722248,0.040605,0.00000618723246323788,0.44291,0.734836398923712,0.0000479510515900936
"value5","FunRao",1.02849861323856e-16,0.80944,1.15985430100009e-16,0.83302,1.06278190034651e-15,1.19851611103342e-15
"value4","simpson",0.0000121119106403772,0.36941,0.0000104218674245596,0.42856,0.000093867307462923,0.0000646155780322694
"value3","RaoQ",1.40144710184539e-27,0.94191,5.44540750422576e-31,0.9666,2.17224300786036e-26,8.44038163154993e-30
"value2","FDiv",0.0010839237886528,0.22681,0.00512474958597018,0.22683,0.00672032748964738,0.0226953195950108
"value1","FDis",0,1,0,1,0,0
