"","metric","pval.linear","r2.linear","pval.quad","r2.quad","padj.linear","padj.quad"
"value","maximum.height",0.0486507092910515,0.089404,0.0846829385914803,0.11346,0.215453141146085,0.375024442333699
"value6","seed.mass",0.01197797503165,0.14111,0.0122397999381655,0.19328,0.0742634451962302,0.0632389663471884
"value5","SLA",0.0233668067090334,0.11649,0.00334943714401589,0.2427,0.120728501330006,0.0207665102928985
"value4","FunRao",1.21712429617626e-10,0.63117,9.80443411138492e-10,0.63646,1.2576951060488e-09,1.01312485817644e-08
"value3","simpson",0.00898590513092676,0.15163,2.30689737436583e-05,0.40597,0.0696407647646824,0.000178784546513352
"value2","RaoQ",2.50574256312044e-20,0.87156,4.87551964834765e-22,0.90872,3.88390097283668e-19,7.55705545493886e-21
"value1","FDis",0,1,0,1,0,0
