"","metric","pval.linear","r2.linear","pval.quad","r2.quad","padj.linear","padj.quad"
"value","redun",0.00957937800004171,0.14929,0.00725778163548539,0.21359,0.0989869060004311,0.0562478076750118
"value5","simpson",0.0145496443056174,0.13396,0.000128235489265199,0.35413,0.112759743368535,0.00132510005574039
"value4","nbsp",3.15394672029211e-08,0.52145,2.73982295828112e-07,0.52149,4.88861741645276e-07,4.24672558533574e-06
"value3","FRic",0,1,0,1,0,0
"value2","M_MaxM",0.0496691978674328,0.092912,0.142383456624969,0.095127,0.256624188981736,0.735647859229005
"value1","MDFMDFWet",0.0482352185217801,0.094041,0.019924131042055,0.18193,0.256624188981736,0.123529612460741
