"","metric","pval.linear","r2.linear","pval.quad","r2.quad","padj.linear","padj.quad"
"value","leaf.area",0.0335182537624949,0.10316,0.0907009056751261,0.11049,0.129883233329668,0.351466009491114
"value7","seed.mass",0.0121323809603066,0.14064,0.0314267413015632,0.15531,0.075220761953901,0.139175568621208
"value6","RaoQ",0.0025669057537156,0.1967,0.00590313104886879,0.22148,0.0397870391825918,0.0914985312574663
"value5","FEve",0,1,0,1,0,0
"value4","FDis",0.0190503389872408,0.12403,0.00983493752290053,0.20185,0.0984267514340775,0.101627687736639
"value3","CVAnnLSNum",0.0074594808125736,0.15841,0.0251897555350489,0.16438,0.075220761953901,0.139175568621208
"value2","CVAnnHSMeanDur",0.0233778222686337,0.11648,0.0274624141976906,0.16085,0.103530355761092,0.139175568621208
"value1","MDFAnnHSNum",0.0113934710725513,0.14294,0.0141333996409474,0.1876,0.075220761953901,0.109533847217343
