"","metric","pval.linear","r2.linear","pval.quad","r2.quad","padj.linear","padj.quad"
"value","flowering.duration",0.673804258377789,0.0042601,0.0189028292965175,0.176,1,0.0732484635240054
"value7","SLA",0.861080587959678,0.00073762,0.0117803588223461,0.19479,1,0.0521701604989611
"value6","redun",0.509915539132866,0.010408,0.0114450056023763,0.19592,1,0.0521701604989611
"value5","FunRao",6.11781474804711e-10,0.60211,4.32606047026082e-10,0.65068,6.32174190631535e-09,4.47026248593618e-09
"value4","simpson",0.00289331083785816,0.19246,0.00965566019192995,0.20256,0.0179385271947206,0.0521701604989611
"value3","RaoQ",3.9178428749499e-22,0.89457,7.26384327699671e-21,0.89586,6.07265645617235e-21,1.12589570793449e-19
"value2","FDiv",1.90780143864258e-05,0.35612,7.88346317555505e-05,0.36928,0.0001478546114948,0.000610968396105516
"value1","FDis",0,1,0,1,0,0
