"","metric","pval.linear","r2.linear","pval.quad","r2.quad","padj.linear","padj.quad"
"value","wood.density",0.027381711915106,0.1248,0.0907240363980899,0.12482,0.282944356456096,0.743051362523226
"value4","FEve",0.0193947074434744,0.13904,0.0675561343462752,0.13904,0.282944356456096,0.743051362523226
"value3","FDiv",0,1,0,1,0,0
"value2","BFI",0.0455277076414819,0.10375,0.136495680159677,0.10474,0.308579111781679,0.846273216989999
"value1","CVAnnMRateFall",0.0497708244809159,0.10007,0.0958775951642873,0.12213,0.308579111781679,0.743051362523226
