"","metric","pval.linear","r2.linear","pval.quad","r2.quad","padj.linear","padj.quad"
"value","wood.density",0.547206682888089,0.0086925,0.0278824651610731,0.16023,0.820810024332133,0.0278824651610731
"value2","FEve",0,1,0,1,0,0
"value1","site",0.82900507243513,0.0011233,0.00327933505129436,0.24348,0.82900507243513,0.00491900257694154
