"","metric","pval.linear","r2.linear","pval.quad","r2.quad","padj.linear","padj.quad"
"value","leaf.area",0.0802554268377631,0.071066,0.0182344154448057,0.17744,0.0936313313107236,0.0182344154448057
"value6","flowering.duration",0.042485039775749,0.094401,0.0109421665620706,0.19768,0.0594790556860485,0.0168477452319518
"value5","maximum.height",1.72820592667775e-05,0.35903,1.58545551039052e-07,0.53409,6.04872074337211e-05,5.5490942863668e-07
"value4","seed.mass",0,1,0,1,0,0
"value3","RaoQ",0.00852937890843207,0.15353,0.0151387171761049,0.18488,0.0199018841196748,0.0176618367054557
"value2","FDiv",0.146189588206524,0.049602,0.00900097721872819,0.20529,0.146189588206524,0.0168477452319518
"value1","FDis",0.0123686231742844,0.13993,0.0120341037371084,0.19395,0.0216450905549977,0.0168477452319518
