"","metric","pval.linear","r2.linear","pval.quad","r2.quad","padj.linear","padj.quad"
"value","wood.density",0.00502962086556868,0.17268,0.0188510106472858,0.17611,0.00828548619064231,0.0226212127767429
"value5","flowering.duration",0.00552365746042821,0.1693,0.00272203959969774,0.25033,0.00828548619064231,0.00816611879909322
"value4","maximum.height",0.00333119919055061,0.18744,0.0103991921281327,0.19967,0.00828548619064231,0.0207983842562653
"value3","seed.mass",0.0175152796900403,0.12713,0.0428439248344952,0.14244,0.0210183356280483,0.0428439248344952
"value2","SLA",0,1,0,1,0,0
"value1","FDiv",0.689815077616027,0.0038306,0.0148280482197218,0.1857,0.689815077616027,0.0222420723295827
