"","metric","pval.linear","r2.linear","pval.quad","r2.quad","padj.linear","padj.quad"
"value","wood.density",0.348378581356618,0.020964,0.0286425327204259,0.15912,0.464504775142157,0.0381900436272346
"value3","FEve",0,1,0,1,0,0
"value2","site",0.806750174161852,0.0014408,0.00271473219386194,0.25042,0.806750174161852,0.00542946438772387
"value1","PS1YrARI",0.0136829378406089,0.13622,0.0426953197979251,0.14259,0.0273658756812177,0.0426953197979251
