"","metric","pval.linear","r2.linear","pval.quad","r2.quad","padj.linear","padj.quad"
"value","flowering.duration",0,1,0,1,0,0
"value5","seed.mass",0.00479690566033508,0.17438,0.0143813777565473,0.18691,0.0743520377351938,0.148607570150989
"value4","SLA",0.0100253113136101,0.14763,0.000726629892795722,0.2971,0.103594883573971,0.0112627633383337
"value3","C_MaxM",0.0278602764790261,0.10999,0.0642179977323063,0.12534,0.143944761808302,0.398151585940299
"value2","CVAnnBFI",0.027132073069418,0.11097,0.0862149168882179,0.11269,0.143944761808302,0.445443737255792
"value1","CVMDFDry",0.0206414980260705,0.12107,0.027005440635418,0.16153,0.143944761808302,0.209292164924489
