"","metric","pval.linear","r2.linear","pval.quad","r2.quad","padj.linear","padj.quad"
"value","wood.density",0.0180010699991293,0.12612,0.0121505486060978,0.19357,0.111606633994602,0.125555668929678
"value4","flowering.duration",0,1,0,1,0,0
"value3","maximum.height",0.00824932448200425,0.15474,0.00338086554600199,0.24236,0.0852430196473773,0.0524034159630308
"value2","seed.mass",0.0042453206827846,0.17877,0.0168995578188473,0.18049,0.0658024705831613,0.130971573096066
"value1","PS1YrARI",0.016270391275084,0.12985,0.0416324925966593,0.14364,0.111606633994602,0.258121454099288
