"","metric","pval.linear","r2.linear","pval.quad","r2.quad","padj.linear","padj.quad"
"value","flowering.duration",0.183746865786716,0.041681,0.02257375962343,0.16883,0.813736119912598,0.0874733185407913
"value8","maximum.height",0.00174572409322805,0.21026,0.00756951417181643,0.21198,0.00943562090962043,0.0342150475666772
"value7","SLA",0.294248857551357,0.026157,0.0468991440618887,0.13865,1,0.161541496213172
"value6","redun",0.809152361713748,0.0014045,0.000303834232717283,0.32637,1,0.00235471530355895
"value5","FunRao",0.0000000000245608225890842,0.65792,0.000000000000920862567221427,0.74125,0.000000000253795166753871,0.00000000000951557986128808
"value4","simpson",0.00144626719090637,0.21683,0.00267614943637883,0.25095,0.00943562090962043,0.0165921265055488
"value3","RaoQ",0,1,0,1,0,0
"value2","FDiv",0.00182624920831363,0.20869,0.00772597848279808,0.21119,0.00943562090962043,0.0342150475666772
"value1","FDis",1.4014471018454e-27,0.94191,5.56118551683824e-33,0.97329,2.17224300786037e-26,8.61983755109927e-32
