"","metric","pval.linear","r2.linear","pval.quad","r2.quad","padj.linear","padj.quad"
"value","RaoQ",0.00563747297049157,0.16856,0.022116800307619,0.16966,0.0659836000217997,0.228540269845396
"value2","FDiv",0,1,0,1,0,0
"value1","FDis",0.006385509679529,0.16405,0.0104537529717023,0.19947,0.0659836000217997,0.162033171061385
