"","metric","pval.linear","r2.linear","pval.quad","r2.quad","padj.linear","padj.quad"
"value","wood.density",0.0190212138852281,0.12409,0.0125688097710785,0.19224,0.117931526088415,0.0974082757258587
"value4","flowering.duration",0,1,0,1,0,0
"value3","maximum.height",0.00633385833673328,0.16435,0.00282876631602474,0.24892,0.0654498694795772,0.029230585265589
"value2","seed.mass",0.00000233330251341847,0.4155,0.00000809554814497,0.43555,0.0000361661889579863,0.000125480996247035
"value1","PS1YrARI",0.0165601590024457,0.1292,0.0423747798903016,0.1429,0.117931526088415,0.26272363531987
