"","metric","pval.linear","r2.linear","pval.quad","r2.quad","padj.linear","padj.quad"
"value","wood.density",0,1,0,1,0,0
"value5","flowering.duration",0.0190212138852281,0.12409,0.0506335512926128,0.13543,0.19655254348069,0.523213363356999
"value4","seed.mass",0.0422858104322967,0.094574,0.0814582405927158,0.11514,0.244956259395706,0.548210613199297
"value3","SLA",0.0000506534563591087,0.3267,0.0000554630073049348,0.38,0.000785128573566185,0.000859676613226489
"value2","FDiv",0.027381711915106,0.1248,0.0884210666450478,0.12607,0.212208267342071,0.548210613199297
"value1","FDis",0.047410888915298,0.090355,0.121086318374645,0.097862,0.244956259395706,0.625612644935667
